Peer, Task, Date
ronweas,C8_3DViewer_v1.0, 2023-01-10
hermion,CPP1_s21_matrixplus, 2023-02-09
harrypo,C8_3DViewer_v1.0, 2023-01-12
dracoma,A1_s21_maze, 2023-06-05
neville,CPP1_s21_matrixplus, 2023-02-08
hermion,CPP2_s21_containers, 2023-02-08
ronweas,C5_s21_decimal, 2023-03-01
harrypo,CPP1_s21_matrixplus, 2023-01-10
harrypo,CPP2_s21_containers, 2023-01-10
harrypo,CPP3_SmartCalc_v2.0, 2023-10-15
harrypo,CPP4_3DViewer_v2.0, 2023-07-31
hermion,CPP3_SmartCalc_v2.0, 2023-03-18
hermion,CPP4_3DViewer_v2.0, 2023-03-21
hermion,A1_s21_maze, 2023-09-19
neville,CPP2_s21_containers, 2023-10-15
neville,CPP3_SmartCalc_v2.0, 2023-10-15